{
  "token_acc":1.0,
  "token_p":1.0,
  "token_r":1.0,
  "token_f":1.0,
  "cats_score":0.8741744586,
  "cats_score_desc":"macro F",
  "cats_micro_p":0.875,
  "cats_micro_r":0.875,
  "cats_micro_f":0.875,
  "cats_macro_p":0.8742363653,
  "cats_macro_r":0.8741143317,
  "cats_macro_f":0.8741744586,
  "cats_macro_auc":0.946763285,
  "cats_f_per_type":{
    "droite":{
      "p":0.8835489834,
      "r":0.8851851852,
      "f":0.8843663275
    },
    "gauche":{
      "p":0.8649237473,
      "r":0.8630434783,
      "f":0.8639825898
    }
  },
  "cats_auc_per_type":{
    "droite":0.946763285,
    "gauche":0.946763285
  },
  "speed":231173.3635302934
}